title,plan
Blend,"4 Week Blend - Burn Fat, Build Muscle, Tone; 35 or 55 Minutes a Day"
Abs,"Abs - Round 2: Core Program for Abs, Obliques and Lower Back"
Sweat,"2 Week Sweat : Burn Fat, Build Muscle, Tone — 30 or 50 Minutes a Day"
Bodyweight,Bodyweight - Round 2 - No Equipment Workouts to Burn Fat and Tone Up
BoredEasily,Bored Easily - Workout Program for People Who Get Bored Easily
Low Impact,Low Impact - Fat Loss Program - 40 Minutes or Less
Mass,Mass - Workout Program to Build Mass & Increase Strength
XT,XT - Maintenance/Cross Training Program
Booty,Booty - Booty Boot Camp: Butt and Thigh Program
Flex,"Flex- Upper Body Program for Arms, Shoulder, Chest & Upper Back"
